{"E00042655":{"signature_type":12,"use":null,"greenspace":null,"job_types":null},"E00175594":{"signature_type":12,"use":null,"greenspace":null,"job_types":null},"E00042827":{"signature_type":12,"use":null,"greenspace":null,"job_types":null},"E00042667":{"signature_type":12,"use":null,"greenspace":null,"job_types":null},"E00042666":{"signature_type":12,"use":null,"greenspace":null,"job_types":null},"E00042664":{"signature_type":11,"use":null,"greenspace":null,"job_types":null},"E00042665":{"signature_type":12,"use":null,"greenspace":null,"job_types":null},"E00042662":{"signature_type":12,"use":null,"greenspace":null,"job_types":null},"E00042663":{"signature_type":12,"use":null,"greenspace":null,"job_types":null},"E00042661":{"signature_type":13,"use":null,"greenspace":null,"job_types":null},"E00042668":{"signature_type":12,"use":null,"greenspace":null,"job_types":null},"E00042598":{"signature_type":12,"use":null,"greenspace":null,"job_types":null},"E00042673":{"signature_type":13,"use":null,"greenspace":null,"job_types":null},"E00042670":{"signature_type":12,"use":null,"greenspace":null,"job_types":null},"E00175593":{"signature_type":13,"use":null,"greenspace":null,"job_types":null},"E00042669":{"signature_type":12,"use":null,"greenspace":null,"job_types":null},"E00042674":{"signature_type":11,"use":null,"greenspace":null,"job_types":null},"E00175587":{"signature_type":13,"use":null,"greenspace":null,"job_types":null},"E00175583":{"signature_type":11,"use":null,"greenspace":null,"job_types":null},"E00175585":{"signature_type":13,"use":null,"greenspace":null,"job_types":null},"E00175584":{"signature_type":12,"use":null,"greenspace":null,"job_types":null},"E00175588":{"signature_type":11,"use":null,"greenspace":null,"job_types":null},"E00042461":{"signature_type":12,"use":null,"greenspace":null,"job_types":null},"E00042466":{"signature_type":12,"use":null,"greenspace":null,"job_types":null},"E00042467":{"signature_type":12,"use":null,"greenspace":null,"job_types":null},"E00042464":{"signature_type":11,"use":null,"greenspace":null,"job_types":null},"E00042465":{"signature_type":12,"use":null,"greenspace":null,"job_types":null},"E00042462":{"signature_type":11,"use":null,"greenspace":null,"job_types":null},"E00042463":{"signature_type":11,"use":null,"greenspace":null,"job_types":null},"E00042468":{"signature_type":12,"use":null,"greenspace":null,"job_types":null},"E00042469":{"signature_type":12,"use":null,"greenspace":null,"job_types":null},"E00175600":{"signature_type":12,"use":null,"greenspace":null,"job_types":null},"E00042656":{"signature_type":12,"use":null,"greenspace":null,"job_types":null},"E00042657":{"signature_type":12,"use":null,"greenspace":null,"job_types":null},"E00042652":{"signature_type":11,"use":null,"greenspace":null,"job_types":null},"E00042653":{"signature_type":12,"use":null,"greenspace":null,"job_types":null},"E00042650":{"signature_type":12,"use":null,"greenspace":null,"job_types":null},"E00042651":{"signature_type":11,"use":null,"greenspace":null,"job_types":null},"E00042658":{"signature_type":11,"use":null,"greenspace":null,"job_types":null},"E00042659":{"signature_type":12,"use":null,"greenspace":null,"job_types":null},"E00042577":{"signature_type":12,"use":null,"greenspace":null,"job_types":null},"E00042579":{"signature_type":13,"use":null,"greenspace":null,"job_types":null},"E00042576":{"signature_type":12,"use":null,"greenspace":null,"job_types":null},"E00042578":{"signature_type":12,"use":null,"greenspace":null,"job_types":null},"E00175595":{"signature_type":12,"use":null,"greenspace":null,"job_types":null},"E00042442":{"signature_type":11,"use":null,"greenspace":null,"job_types":null},"E00042441":{"signature_type":12,"use":null,"greenspace":null,"job_types":null},"E00042443":{"signature_type":12,"use":null,"greenspace":null,"job_types":null},"E00042440":{"signature_type":11,"use":null,"greenspace":null,"job_types":null},"E00175576":{"signature_type":12,"use":null,"greenspace":null,"job_types":null},"E00042826":{"signature_type":13,"use":null,"greenspace":null,"job_types":null},"E00042824":{"signature_type":12,"use":null,"greenspace":null,"job_types":null},"E00042825":{"signature_type":13,"use":null,"greenspace":null,"job_types":null},"E00042822":{"signature_type":13,"use":null,"greenspace":null,"job_types":null},"E00042823":{"signature_type":12,"use":null,"greenspace":null,"job_types":null},"E00042820":{"signature_type":13,"use":null,"greenspace":null,"job_types":null},"E00042828":{"signature_type":12,"use":null,"greenspace":null,"job_types":null},"E00042829":{"signature_type":13,"use":null,"greenspace":null,"job_types":null},"E00175578":{"signature_type":13,"use":null,"greenspace":null,"job_types":null},"E00175561":{"signature_type":13,"use":null,"greenspace":null,"job_types":null},"E00042586":{"signature_type":12,"use":null,"greenspace":null,"job_types":null},"E00175560":{"signature_type":11,"use":null,"greenspace":null,"job_types":null},"E00042587":{"signature_type":11,"use":null,"greenspace":null,"job_types":null},"E00042585":{"signature_type":12,"use":null,"greenspace":null,"job_types":null},"E00042583":{"signature_type":13,"use":null,"greenspace":null,"job_types":null},"E00042581":{"signature_type":11,"use":null,"greenspace":null,"job_types":null},"E00042580":{"signature_type":12,"use":null,"greenspace":null,"job_types":null},"E00042589":{"signature_type":12,"use":null,"greenspace":null,"job_types":null},"E00042588":{"signature_type":11,"use":null,"greenspace":null,"job_types":null},"E00042683":{"signature_type":11,"use":null,"greenspace":null,"job_types":null},"E00042606":{"signature_type":11,"use":null,"greenspace":null,"job_types":null},"E00042604":{"signature_type":12,"use":null,"greenspace":null,"job_types":null},"E00042605":{"signature_type":12,"use":null,"greenspace":null,"job_types":null},"E00042600":{"signature_type":12,"use":null,"greenspace":null,"job_types":null},"E00042681":{"signature_type":11,"use":null,"greenspace":null,"job_types":null},"E00042601":{"signature_type":12,"use":null,"greenspace":null,"job_types":null},"E00042609":{"signature_type":12,"use":null,"greenspace":null,"job_types":null},"E00042592":{"signature_type":12,"use":null,"greenspace":null,"job_types":null},"E00042830":{"signature_type":13,"use":null,"greenspace":null,"job_types":null},"E00042591":{"signature_type":12,"use":null,"greenspace":null,"job_types":null},"E00042599":{"signature_type":11,"use":null,"greenspace":null,"job_types":null},"E00175559":{"signature_type":12,"use":null,"greenspace":null,"job_types":null},"E00042277":{"signature_type":11,"use":null,"greenspace":null,"job_types":null},"E00175577":{"signature_type":11,"use":null,"greenspace":null,"job_types":null},"E00175574":{"signature_type":12,"use":null,"greenspace":null,"job_types":null},"E00175575":{"signature_type":12,"use":null,"greenspace":null,"job_types":null},"E00175579":{"signature_type":11,"use":null,"greenspace":null,"job_types":null},"E00042597":{"signature_type":11,"use":null,"greenspace":null,"job_types":null},"E00042596":{"signature_type":12,"use":null,"greenspace":null,"job_types":null},"E00042593":{"signature_type":12,"use":null,"greenspace":null,"job_types":null},"E00042590":{"signature_type":12,"use":null,"greenspace":null,"job_types":null},"E00175556":{"signature_type":12,"use":null,"greenspace":null,"job_types":null},"E00175557":{"signature_type":11,"use":null,"greenspace":null,"job_types":null},"E00042806":{"signature_type":12,"use":null,"greenspace":null,"job_types":null},"E00042807":{"signature_type":12,"use":null,"greenspace":null,"job_types":null},"E00042805":{"signature_type":11,"use":null,"greenspace":null,"job_types":null},"E00042437":{"signature_type":11,"use":null,"greenspace":null,"job_types":null},"E00042438":{"signature_type":11,"use":null,"greenspace":null,"job_types":null},"E00042439":{"signature_type":11,"use":null,"greenspace":null,"job_types":null},"E00175555":{"signature_type":12,"use":null,"greenspace":null,"job_types":null},"E00042816":{"signature_type":12,"use":null,"greenspace":null,"job_types":null},"E00042814":{"signature_type":11,"use":null,"greenspace":null,"job_types":null},"E00042810":{"signature_type":11,"use":null,"greenspace":null,"job_types":null},"E00042818":{"signature_type":11,"use":null,"greenspace":null,"job_types":null},"E00042819":{"signature_type":11,"use":null,"greenspace":null,"job_types":null},"E00175552":{"signature_type":12,"use":null,"greenspace":null,"job_types":null},"E00175553":{"signature_type":13,"use":null,"greenspace":null,"job_types":null},"E00175551":{"signature_type":13,"use":null,"greenspace":null,"job_types":null},"E00175558":{"signature_type":13,"use":null,"greenspace":null,"job_types":null},"E00042125":{"signature_type":11,"use":null,"greenspace":null,"job_types":null},"E00042677":{"signature_type":12,"use":null,"greenspace":null,"job_types":null},"E00042672":{"signature_type":13,"use":null,"greenspace":null,"job_types":null},"E00042671":{"signature_type":13,"use":null,"greenspace":null,"job_types":null},"E00042679":{"signature_type":12,"use":null,"greenspace":null,"job_types":null},"E00042134":{"signature_type":11,"use":null,"greenspace":null,"job_types":null},"E00042647":{"signature_type":12,"use":null,"greenspace":null,"job_types":null},"E00042646":{"signature_type":12,"use":null,"greenspace":null,"job_types":null},"E00042644":{"signature_type":12,"use":null,"greenspace":null,"job_types":null},"E00042645":{"signature_type":12,"use":null,"greenspace":null,"job_types":null},"E00042642":{"signature_type":12,"use":null,"greenspace":null,"job_types":null},"E00042643":{"signature_type":12,"use":null,"greenspace":null,"job_types":null},"E00042648":{"signature_type":12,"use":null,"greenspace":null,"job_types":null},"E00042649":{"signature_type":12,"use":null,"greenspace":null,"job_types":null},"E00042287":{"signature_type":11,"use":null,"greenspace":null,"job_types":null},"E00041415":{"signature_type":11,"use":null,"greenspace":null,"job_types":null},"E00166182":{"signature_type":11,"use":null,"greenspace":null,"job_types":null},"E00041852":{"signature_type":12,"use":null,"greenspace":null,"job_types":null},"E00041850":{"signature_type":11,"use":null,"greenspace":null,"job_types":null},"E00166193":{"signature_type":11,"use":null,"greenspace":null,"job_types":null},"E00166192":{"signature_type":11,"use":null,"greenspace":null,"job_types":null},"E00166183":{"signature_type":12,"use":null,"greenspace":null,"job_types":null},"E00041407":{"signature_type":11,"use":null,"greenspace":null,"job_types":null},"E00041402":{"signature_type":11,"use":null,"greenspace":null,"job_types":null},"E00041401":{"signature_type":12,"use":null,"greenspace":null,"job_types":null},"E00041400":{"signature_type":11,"use":null,"greenspace":null,"job_types":null},"E00041397":{"signature_type":11,"use":null,"greenspace":null,"job_types":null},"E00041395":{"signature_type":11,"use":null,"greenspace":null,"job_types":null},"E00166185":{"signature_type":11,"use":null,"greenspace":null,"job_types":null},"E00041411":{"signature_type":11,"use":null,"greenspace":null,"job_types":null},"E00041410":{"signature_type":12,"use":null,"greenspace":null,"job_types":null},"E00041866":{"signature_type":12,"use":null,"greenspace":null,"job_types":null},"E00041867":{"signature_type":11,"use":null,"greenspace":null,"job_types":null},"E00041868":{"signature_type":12,"use":null,"greenspace":null,"job_types":null},"E00041869":{"signature_type":11,"use":null,"greenspace":null,"job_types":null},"E00041873":{"signature_type":11,"use":null,"greenspace":null,"job_types":null},"E00041870":{"signature_type":11,"use":null,"greenspace":null,"job_types":null},"E00041364":{"signature_type":12,"use":null,"greenspace":null,"job_types":null},"E00166201":{"signature_type":12,"use":null,"greenspace":null,"job_types":null},"E00166206":{"signature_type":11,"use":null,"greenspace":null,"job_types":null},"E00166208":{"signature_type":12,"use":null,"greenspace":null,"job_types":null},"E00166209":{"signature_type":12,"use":null,"greenspace":null,"job_types":null},"E00041849":{"signature_type":11,"use":null,"greenspace":null,"job_types":null},"E00166213":{"signature_type":12,"use":null,"greenspace":null,"job_types":null},"E00166211":{"signature_type":11,"use":null,"greenspace":null,"job_types":null},"E00041858":{"signature_type":11,"use":null,"greenspace":null,"job_types":null},"E00041851":{"signature_type":11,"use":null,"greenspace":null,"job_types":null}}