{"E00042117":{"signature_type":11,"use":null,"greenspace":null,"job_types":null},"E00042114":{"signature_type":11,"use":null,"greenspace":null,"job_types":null},"E00175550":{"signature_type":11,"use":null,"greenspace":null,"job_types":null},"E00175580":{"signature_type":11,"use":null,"greenspace":null,"job_types":null},"E00175586":{"signature_type":11,"use":null,"greenspace":null,"job_types":null},"E00175597":{"signature_type":11,"use":null,"greenspace":null,"job_types":null},"E00042760":{"signature_type":11,"use":null,"greenspace":null,"job_types":null},"E00175577":{"signature_type":11,"use":null,"greenspace":null,"job_types":null},"E00175575":{"signature_type":11,"use":null,"greenspace":null,"job_types":null},"E00042742":{"signature_type":11,"use":null,"greenspace":null,"job_types":null},"E00042814":{"signature_type":11,"use":null,"greenspace":null,"job_types":null},"E00175552":{"signature_type":11,"use":null,"greenspace":null,"job_types":null},"E00175554":{"signature_type":11,"use":null,"greenspace":null,"job_types":null},"E00042755":{"signature_type":11,"use":null,"greenspace":null,"job_types":null},"E00042123":{"signature_type":11,"use":null,"greenspace":null,"job_types":null},"E00042047":{"signature_type":11,"use":null,"greenspace":null,"job_types":null},"E00043517":{"signature_type":11,"use":null,"greenspace":null,"job_types":null},"E00043854":{"signature_type":11,"use":null,"greenspace":null,"job_types":null},"E00043516":{"signature_type":11,"use":null,"greenspace":null,"job_types":null},"E00043865":{"signature_type":11,"use":null,"greenspace":null,"job_types":null},"E00043862":{"signature_type":11,"use":null,"greenspace":null,"job_types":null},"E00043860":{"signature_type":11,"use":null,"greenspace":null,"job_types":null},"E00170012":{"signature_type":11,"use":null,"greenspace":null,"job_types":null},"E00166192":{"signature_type":11,"use":null,"greenspace":null,"job_types":null},"E00041410":{"signature_type":11,"use":null,"greenspace":null,"job_types":null},"E00166200":{"signature_type":11,"use":null,"greenspace":null,"job_types":null},"E00166180":{"signature_type":11,"use":null,"greenspace":null,"job_types":null},"E00166206":{"signature_type":11,"use":null,"greenspace":null,"job_types":null},"E00166205":{"signature_type":11,"use":null,"greenspace":null,"job_types":null},"E00041378":{"signature_type":11,"use":null,"greenspace":null,"job_types":null},"E00166196":{"signature_type":11,"use":null,"greenspace":null,"job_types":null},"E00041376":{"signature_type":11,"use":null,"greenspace":null,"job_types":null},"E00041374":{"signature_type":11,"use":null,"greenspace":null,"job_types":null},"E00041907":{"signature_type":11,"use":null,"greenspace":null,"job_types":null},"E00041902":{"signature_type":11,"use":null,"greenspace":null,"job_types":null},"E00041901":{"signature_type":11,"use":null,"greenspace":null,"job_types":null},"E00166174":{"signature_type":11,"use":null,"greenspace":null,"job_types":null},"E00041885":{"signature_type":11,"use":null,"greenspace":null,"job_types":null}}